{
  "name": "xml",
  "description": "Installs xml",
  "long_description": "Description\n====\n\nInstalls development package for libxml.\n\nRequirements\n====\n\nDebian, Ubuntu, CentOS, Red Hat, Scientific, Fedora, SUSE.\n\nChanges\n====\n\n## v1.0.2:\n\n* [COOK-953] - Add FreeBSD support\n* [COOK-775] - Add Amazon Linux support\n\nLicense and Author\n====\n\nAuthor:: Joshua Timberman (<joshua@opscode.com>)\nCopyright:: 2009-2011, Opscode, Inc.\n\nLicensed under the Apache License, Version 2.0 (the \"License\");\nyou may not use this file except in compliance with the License.\nYou may obtain a copy of the License at\n\n    http://www.apache.org/licenses/LICENSE-2.0\n\nUnless required by applicable law or agreed to in writing, software\ndistributed under the License is distributed on an \"AS IS\" BASIS,\nWITHOUT WARRANTIES OR CONDITIONS OF ANY KIND, either express or implied.\nSee the License for the specific language governing permissions and\nlimitations under the License.\n",
  "maintainer": "Opscode, Inc.",
  "maintainer_email": "cookbooks@opscode.com",
  "license": "Apache 2.0",
  "platforms": {
    "centos": ">= 0.0.0",
    "redhat": ">= 0.0.0",
    "scientific": ">= 0.0.0",
    "suse": ">= 0.0.0",
    "fedora": ">= 0.0.0",
    "amazon": ">= 0.0.0",
    "ubuntu": ">= 0.0.0",
    "debian": ">= 0.0.0",
    "freebsd": ">= 0.0.0"
  },
  "dependencies": {
  },
  "recommendations": {
  },
  "suggestions": {
  },
  "conflicting": {
  },
  "providing": {
  },
  "replacing": {
  },
  "attributes": {
  },
  "groupings": {
  },
  "recipes": {
    "xml": "Installs libxml development packages"
  },
  "version": "1.0.2"
}